{
  "affirm": {
    "precision": 0.0,
    "recall": 0.0,
    "f1-score": 0.0,
    "support": 1,
    "confused_with": {
      "goodbye": 1
    }
  },
  "goodbye": {
    "precision": 0.0,
    "recall": 0.0,
    "f1-score": 0.0,
    "support": 2,
    "confused_with": {
      "mood_unhappy": 1,
      "affirm": 1
    }
  },
  "greet": {
    "precision": 1.0,
    "recall": 0.5,
    "f1-score": 0.6666666666666666,
    "support": 2,
    "confused_with": {
      "affirm": 1
    }
  },
  "mood_great": {
    "precision": 1.0,
    "recall": 0.3333333333333333,
    "f1-score": 0.5,
    "support": 3,
    "confused_with": {
      "mood_unhappy": 1,
      "deny": 1
    }
  },
  "bot_challenge": {
    "precision": 0.0,
    "recall": 0.0,
    "f1-score": 0.0,
    "support": 1,
    "confused_with": {
      "goodbye": 1
    }
  },
  "deny": {
    "precision": 0.0,
    "recall": 0.0,
    "f1-score": 0.0,
    "support": 2,
    "confused_with": {
      "mood_unhappy": 2
    }
  },
  "mood_unhappy": {
    "precision": 0.42857142857142855,
    "recall": 1.0,
    "f1-score": 0.6,
    "support": 3,
    "confused_with": {}
  },
  "accuracy": 0.35714285714285715,
  "macro avg": {
    "precision": 0.3469387755102041,
    "recall": 0.2619047619047619,
    "f1-score": 0.2523809523809524,
    "support": 14
  },
  "weighted avg": {
    "precision": 0.4489795918367347,
    "recall": 0.35714285714285715,
    "f1-score": 0.33095238095238094,
    "support": 14
  },
  "micro avg": {
    "precision": 0.35714285714285715,
    "recall": 0.35714285714285715,
    "f1-score": 0.35714285714285715,
    "support": 14
  }
}